cluster_id,x,y,label
0,1.000000,0.000000,0
1,0.707107,0.707107,1
2,0.000000,1.000000,0
3,-0.707107,0.707107,1
4,-1.000000,0.000000,0
5,-0.707107,-0.707107,1
6,-0.000000,-1.000000,0
7,0.707107,-0.707107,1
